代码,名称,2026/6/10,2026/6/10.1,2026/6/12,2026/6/15,2026/6/16,2026/6/17,2026/6/18,2026-06-21,2026-06-23,2026-06-24,2026-06-25,2026-06-26,2026-06-29,2026-06-30,2026-07-01,2026-07-02,2026-07-03
sh561990,沪深300增强ETF招商,-14.11,-14.11,37.35,43.42,216.4,260.41,215.12,215.12,112.5,112.5,109.17,-1.65,-1.65,7.35,21.13,16.21,27.68
sh510350,沪深300ETF工银,-6.16,-6.16,42.03,43.38,191.87,249.63,231.55,231.55,138.67,138.67,105.6,17.99,17.99,63.38,60.76,13.1,6.63
sz159249,A500增强ETF工银,6.85,6.85,73.06,77.57,226.78,227.85,213.64,213.64,108.96,108.96,125.58,42.84,42.84,45.22,42.87,8.21,17.1
sh563220,A500ETF富国,25.86,25.86,48.13,47.42,205.25,260.0,240.15,240.15,141.02,141.02,125.94,51.17,51.17,98.49,89.55,20.16,13.87
sz159968,中证500ETF博时,36.62,36.62,68.08,83.12,221.06,244.74,250.49,250.49,163.83,163.83,169.25,103.18,103.18,117.01,138.57,69.68,50.47
sh515810,中证800ETF易方达,11.07,11.07,53.53,54.59,220.46,231.77,232.97,232.97,140.12,140.12,128.97,46.41,46.41,98.54,102.01,41.74,29.39
sz159552,中证2000增强ETF招商,44.36,44.36,34.59,46.36,204.11,231.65,251.03,251.03,178.83,178.83,65.54,-19.17,-19.17,-55.54,95.35,157.0,193.23
sz159915,创业板ETF易方达,25.68,25.68,10.84,10.77,214.69,279.06,337.81,337.81,218.67,218.67,196.77,110.22,110.22,92.41,95.6,0.93,-25.26
sh506000,科创板基金,76.84,76.84,115.51,132.02,247.55,251.78,287.58,287.58,199.87,199.87,216.5,200.44,200.44,230.2,233.8,156.82,137.46
sh588020,科创成长ETF易方达,161.25,161.25,142.65,157.11,292.62,307.95,357.9,357.9,292.64,292.64,319.13,264.79,264.79,283.63,233.31,127.7,97.22
sh588300,科创创业50ETF招商,72.68,72.68,39.37,39.33,209.78,280.66,355.65,355.65,252.88,252.88,238.3,170.41,170.41,220.46,158.22,51.74,-3.57
sh512130,全指现金流ETF鹏华,-23.94,-23.94,-31.68,-32.68,-3.5,-19.86,-21.22,-21.22,-14.45,-14.45,-48.17,-73.42,-73.42,-27.12,59.4,97.58,103.66
sz159236,自由现金流ETF工银,-61.56,-61.56,-8.02,-11.03,-8.66,-18.46,-26.84,-26.84,-34.34,-34.34,-43.4,-80.38,-80.38,-32.55,66.76,120.35,115.24
sh513050,中概互联网ETF易方达,-42.13,-42.13,-60.31,-60.31,-56.62,-59.47,-73.12,-73.12,-86.83,-86.83,-88.32,-110.57,-110.57,-5.49,47.61,122.59,138.33
sz159792,港股通互联网ETF富国,-61.36,-61.36,-59.79,-59.8,-58.81,-66.44,-80.68,-80.68,-104.07,-104.07,-111.22,-128.72,-128.72,-64.77,0.65,88.07,128.54
sh513010,恒生科技ETF易方达,-49.3,-49.3,-30.78,-30.78,-3.33,-7.72,-28.33,-28.33,-59.38,-59.38,-43.28,-71.58,-71.58,58.08,111.1,132.44,135.05
sh513970,恒生消费ETF景顺,-12.22,-12.22,78.71,77.72,46.63,-4.28,-65.92,-65.92,-97.31,-97.31,-41.06,-36.43,-36.43,21.18,5.39,72.49,146.97
sz159850,恒生国企ETF华夏,-30.27,-30.27,3.59,0.58,15.58,-12.01,-44.74,-44.74,-66.74,-66.74,-68.48,-75.39,-75.39,-26.78,18.63,72.16,102.1
sh515880,通信ETF国泰,186.09,186.09,40.84,39.89,214.83,285.12,377.63,377.63,269.15,269.15,241.57,137.2,137.2,95.46,13.8,-54.27,-68.16
sz159583,通信ETF富国,134.18,134.18,16.51,15.54,197.59,267.71,362.05,362.05,258.37,258.37,221.89,116.52,116.52,41.67,38.76,-36.72,-33.27
sh515980,人工智能ETF华富,61.39,61.39,0.22,-2.81,133.94,206.19,312.8,312.8,235.72,235.72,238.46,143.71,143.71,186.09,160.38,32.3,-0.9
sz159246,创业板人工智能ETF富国,57.79,57.79,-9.95,-10.94,198.24,259.53,343.66,343.66,244.35,244.35,214.23,121.56,121.56,62.76,73.61,-20.92,-30.8
sh588430,科创创业人工智能ETF工银,75.11,75.11,1.14,-1.92,149.44,226.88,323.37,323.37,227.06,227.06,223.29,145.97,145.97,195.87,165.81,60.17,17.45
sh562950,消费电子ETF易方达,138.59,138.59,31.78,28.73,253.48,319.67,398.16,398.16,273.53,273.53,295.44,221.74,221.74,246.7,195.8,76.25,21.94
sz159546,集成电路ETF国泰,101.95,101.95,-470.6,-473.03,-503.46,-479.4,-189.63,-189.63,-23.34,-23.34,74.04,29.51,29.51,7.15,-54.81,-167.48,-213.04
sh563210,专精特新ETF富国,159.07,159.07,205.41,228.77,277.4,274.56,289.94,289.94,220.14,220.14,237.22,225.08,225.08,277.15,256.32,155.64,130.9
sh562590,半导体设备ETF华夏,260.06,260.06,290.29,297.94,343.11,364.86,392.6,392.6,364.33,364.33,408.19,395.42,395.42,471.6,458.96,323.26,236.31
sh588710,科创半导体设备ETF华泰柏瑞,263.38,263.38,291.91,299.56,355.06,384.96,417.13,417.13,389.41,389.41,416.41,394.59,394.59,494.36,468.57,327.68,248.74
sh512760,芯片ETF国泰,102.07,102.07,112.2,108.17,257.35,290.09,328.89,328.89,296.24,296.24,349.05,307.58,307.58,345.91,294.11,159.4,90.27
sh588810,科创芯片ETF富国,121.8,121.8,160.87,178.63,281.47,294.82,330.72,330.72,301.72,301.72,337.77,299.68,299.68,347.98,287.08,162.51,96.92
sh588200,科创芯片ETF嘉实,118.8,118.8,161.43,179.3,285.43,298.34,333.39,333.39,302.32,302.32,338.36,299.36,299.36,349.52,295.83,177.48,111.27
sh517850,张江ETF汇添富,58.05,58.05,87.35,81.92,187.01,229.06,253.75,253.75,218.76,218.76,230.27,170.79,170.79,229.62,189.45,99.93,58.3
sh513310,中韩半导体ETF华泰柏瑞,149.92,149.92,163.15,157.16,270.23,273.8,308.27,308.27,197.3,197.3,196.93,130.78,130.78,191.47,156.82,33.5,4.63
sz159131,港股通信息技术ETF华宝,72.61,72.61,24.05,24.06,183.46,257.23,293.6,293.6,167.53,167.53,195.24,73.08,73.08,92.31,135.76,17.61,-7.12
sz159206,卫星ETF永赢,63.04,63.04,37.08,44.96,62.67,105.43,153.62,153.62,18.79,18.79,0.05,41.0,41.0,41.55,185.4,110.09,171.7
sz159227,航空航天ETF华夏,-29.79,-29.79,80.05,87.99,115.41,120.47,72.36,72.36,-29.66,-29.66,-68.55,-67.57,-67.57,-79.53,235.01,184.95,372.35
sh512710,军工龙头ETF富国,-33.84,-33.84,29.06,33.03,91.33,98.23,111.55,111.55,36.77,36.77,-45.22,-71.04,-71.04,52.42,122.65,125.65,144.66
sh560710,船舶ETF富国,-36.92,-36.92,-76.01,-76.29,29.76,83.2,77.64,77.64,112.58,112.58,-30.34,-127.19,-127.19,-102.22,-16.37,10.37,152.03
sh562570,信创ETF华夏,3.1,3.1,19.06,34.67,120.24,188.56,214.58,214.58,166.25,166.25,155.06,74.98,74.98,130.88,100.22,17.48,-34.31
sh515230,软件ETF国泰,-52.36,-52.36,-52.12,-56.57,42.35,62.08,89.54,89.54,131.15,131.15,13.64,-99.23,-99.23,-103.07,-11.99,5.93,80.82
sh516000,大数据ETF华夏,-46.93,-46.93,-58.38,-47.44,37.62,86.01,162.77,162.77,127.56,127.56,98.85,-34.22,-34.22,8.91,55.22,36.33,60.03
sh516510,云计算ETF易方达,-24.16,-24.16,-45.77,-48.84,79.36,122.22,192.88,192.88,145.43,145.43,93.57,-41.58,-41.58,-0.52,53.07,2731.24,2138.36
sh512720,计算机ETF国泰,-36.84,-36.84,-37.41,-41.48,78.15,147.56,198.9,198.9,173.98,173.98,156.35,57.82,57.82,100.83,70.88,7.94,-3.19
sh518880,黄金ETF华安,-32.29,-32.29,-43.65,-46.09,105.29,143.11,140.05,140.05,10.72,10.72,-109.77,-84.29,-84.29,-26.28,-22.43,41.44,139.18
sh517520,黄金股ETF永赢,-101.47,-101.47,4.76,16.56,234.52,188.45,130.4,130.4,-57.25,-57.25,-161.36,-188.19,-188.19,-141.91,-99.12,-17.45,158.71
sh560860,工业有色ETF万家,-61.82,-61.82,99.5,115.22,287.08,225.16,215.28,215.28,82.17,82.17,-28.83,-96.62,-96.62,-90.75,-52.93,-11.86,6.58
sh512400,有色金属ETF南方,-50.21,-50.21,87.32,113.79,268.41,201.82,190.28,190.28,53.15,53.15,-52.09,-115.93,-115.93,-98.4,-59.17,-6.23,26.32
sh562800,稀有金属ETF嘉实,12.32,12.32,155.68,161.61,249.04,208.99,207.32,207.32,111.72,111.72,92.89,-1.87,-1.87,-8.11,17.73,41.66,15.7
sh516780,稀土ETF华泰柏瑞,-66.82,-66.82,-79.03,-73.32,41.32,20.35,55.68,55.68,-34.0,-34.0,-87.81,-159.86,-159.86,-165.79,-135.77,-119.42,-90.73
sh510410,资源ETF博时,-47.21,-47.21,27.1,40.19,231.0,202.62,185.25,185.25,47.48,47.48,-42.5,-81.13,-81.13,-62.84,-27.97,4.15,51.16
sh516160,新能源ETF南方,-28.91,-28.91,34.24,50.04,182.69,194.64,178.28,178.28,87.49,87.49,16.01,-68.12,-68.12,-5.81,57.0,-13.55,-30.51
sh561910,电池ETF招商,-14.72,-14.72,42.84,58.45,191.93,202.24,188.63,188.63,99.33,99.33,35.24,-73.26,-73.26,-22.13,-5.25,-23.24,-14.93
sh561160,电池ETF富国,-13.52,-13.52,37.61,52.14,195.64,211.9,194.32,194.32,111.84,111.84,40.8,-74.24,-74.24,-16.24,-14.36,-24.97,-16.78
sz159566,储能电池ETF易方达,-17.97,-17.97,-19.08,-22.18,177.93,223.89,239.39,239.39,139.46,139.46,50.19,-45.37,-45.37,-42.75,-57.15,-66.9,-60.18
sh515790,光伏ETF华泰柏瑞,-18.98,-18.98,-13.57,-16.01,111.59,109.42,115.29,115.29,68.79,68.79,15.14,-25.53,-25.53,112.85,110.26,19.0,-59.3
sh512580,环保ETF广发,-27.77,-27.77,21.46,21.41,152.29,172.56,148.59,148.59,67.18,67.18,5.24,-71.58,-71.58,21.44,33.55,27.02,0.04
sz159512,汽车ETF广发,-59.05,-59.05,-40.25,-38.52,8.65,-17.85,-34.37,-34.37,-56.41,-56.41,-88.0,-117.42,-117.42,-87.2,7.04,41.44,88.25
sz159565,汽车零部件ETF易方达,89.96,89.96,-21.3,-24.35,68.12,81.81,144.26,144.26,23.04,23.04,-33.2,-87.98,-87.98,-77.66,42.31,79.15,220.68
sh562500,机器人ETF华夏,252.48,252.48,4.47,1.45,58.51,109.9,218.21,218.21,141.86,141.86,89.78,-19.3,-19.3,43.87,103.0,97.14,217.57
sz159770,机器人ETF天弘,254.79,254.79,-1.48,-4.5,57.19,98.48,215.18,215.18,137.8,137.8,87.96,-19.57,-19.57,-41.72,97.85,99.12,221.3
sh561120,家电ETF富国,75.5,75.5,24.85,30.82,62.6,52.69,38.91,38.91,25.61,25.61,-15.34,-67.21,-67.21,72.55,129.07,151.07,176.2
sz159667,工业母机ETF国泰,258.0,258.0,-498.27,-500.58,-518.11,-494.9,-210.53,-210.53,-72.39,-72.39,-28.48,-75.46,-75.46,-164.23,-144.11,-193.86,-165.84
sh560280,工程机械ETF广发,73.57,73.57,-10.94,-15.89,77.72,111.01,110.84,110.84,61.14,61.14,-55.84,-114.7,-114.7,-79.74,-42.04,12.8,127.79
sz159326,电网设备ETF华夏,86.13,86.13,12.89,9.85,209.28,251.23,287.29,287.29,197.54,197.54,143.32,35.03,35.03,-21.78,-75.55,-89.84,-73.88
sh562350,电力ETF银华,-52.62,-52.62,-20.03,-19.86,34.98,42.16,5.04,5.04,-30.25,-30.25,-65.69,-76.93,-76.93,-50.36,34.53,54.03,48.11
sz159669,绿色电力ETF国泰,-62.25,-62.25,-9.29,-9.89,38.31,39.79,-3.39,-3.39,-15.78,-15.78,-57.93,-74.22,-74.22,-53.24,25.39,39.94,47.71
sh561790,央企能源ETF博时,-60.95,-60.95,-5.13,-3.62,65.66,72.19,12.15,12.15,0.74,0.74,-43.64,-72.88,-72.88,-52.34,-25.86,0.6,26.53
sh513820,港股通红利ETF汇添富,49.94,49.94,1.65,-1.34,15.33,-10.95,-40.52,-40.52,-62.08,-62.08,-70.97,-71.93,-71.93,-60.01,-42.6,26.99,79.59
sh513920,港股通央企红利ETF华安,-10.66,-10.66,20.89,22.86,14.5,-4.05,-51.79,-51.79,-64.19,-64.19,-69.05,-74.58,-74.58,-58.47,-43.85,13.38,58.74
sh513530,港股通红利ETF华泰柏瑞,71.56,71.56,1.83,0.84,-17.02,-28.06,-60.1,-60.1,-65.32,-65.32,-66.86,-66.74,-66.74,-56.9,-43.61,21.46,73.43
sz159851,金融科技ETF华宝,-55.23,-55.23,-20.71,-21.42,138.03,169.7,116.39,116.39,162.23,162.23,50.87,-64.91,-64.91,-101.57,-40.34,25.92,37.02
sh512070,证券保险ETF易方达,-5.15,-5.15,176.35,182.35,142.06,133.07,9.97,9.97,86.66,86.66,104.18,20.2,20.2,26.4,123.86,139.04,142.85
sz159841,证券ETF天弘,-29.52,-29.52,155.45,197.21,214.03,215.32,106.36,106.36,169.41,169.41,185.47,107.94,107.94,119.03,157.75,148.61,138.42
sz159887,银行ETF富国,124.07,124.07,173.07,169.11,49.8,6.24,-65.97,-65.97,-21.53,-21.53,-32.84,-39.2,-39.2,-14.44,-7.75,44.93,75.57
sh510880,红利ETF华泰柏瑞,74.25,74.25,29.51,28.64,-48.62,-50.09,-74.56,-74.56,-23.05,-23.05,-40.05,-60.15,-60.15,-46.59,-0.74,65.56,108.87
sh515220,煤炭ETF国泰,103.72,103.72,-38.97,-38.81,-89.18,-86.95,-97.49,-97.49,-64.95,-64.95,-69.4,-89.99,-89.99,-78.21,-5.48,46.42,65.01
sh561360,石油ETF国泰,-32.76,-32.76,31.01,32.99,143.42,125.34,81.87,81.87,97.91,97.91,54.84,-40.34,-40.34,-116.39,-87.11,-73.0,3.98
sz159588,石油ETF景顺,-21.51,-21.51,-4.27,-7.27,52.17,51.11,33.61,33.61,62.61,62.61,-17.58,-83.92,-83.92,-93.35,-65.12,-57.76,29.19
sh561570,油气ETF华泰柏瑞,-28.05,-28.05,39.99,41.97,142.42,126.45,75.47,75.47,98.48,98.48,50.29,-37.38,-37.38,-114.58,-88.47,-72.42,-2.89
sh516120,化工ETF富国,-12.37,-12.37,155.15,161.11,195.71,181.15,102.94,102.94,79.86,79.86,123.66,36.85,36.85,11.46,68.88,72.07,44.58
sh516020,化工ETF华宝,-16.13,-16.13,161.5,167.46,196.23,174.27,100.03,100.03,77.48,77.48,124.06,40.66,40.66,8.36,76.39,77.08,50.07
sz159981,能源化工ETF建信,92.91,92.91,76.02,74.08,-83.19,-108.49,-126.76,-126.76,-111.07,-111.07,-87.65,-71.67,-71.67,-37.38,-21.92,-40.19,-6.57
sz159825,农业ETF富国,-79.06,-79.06,26.37,33.35,47.26,-0.82,-58.65,-58.65,-66.01,-66.01,-78.02,-78.84,-78.84,73.67,401.61,182.0,168.36
sz159985,豆粕ETF华夏,-47.89,-47.89,73.98,99.52,118.3,154.6,87.81,87.81,8.94,8.94,-0.55,48.9,48.9,74.62,43.03,145.65,162.08
sh516190,传媒ETF华夏,-40.32,-40.32,-45.28,-50.0,-11.94,-34.77,-2.6,-2.6,37.49,37.49,38.72,-44.48,-44.48,-11.3,27.48,81.08,45.25
sh516620,影视ETF国泰,-18.7,-18.7,-40.99,-47.01,28.21,-22.62,-28.4,-28.4,-11.74,-11.74,-30.64,-77.05,-77.05,-58.31,13.29,52.26,56.5
sh516010,游戏ETF国泰,-15.82,-15.82,-50.92,-44.96,-29.46,-55.4,-50.05,-50.05,37.1,37.1,147.35,65.21,65.21,115.16,116.83,104.94,52.92
sh516950,基建ETF银华,-13.96,-13.96,3.93,0.92,135.2,242.15,126.8,126.8,39.81,39.81,-55.35,-104.28,-104.28,-55.66,25.57,63.6,159.01
sz159619,基建ETF国泰,-22.27,-22.27,0.18,7.35,133.74,244.5,126.13,126.13,39.85,39.85,-57.92,-107.0,-107.0,-51.45,31.59,68.39,161.08
sh516750,建材ETF富国,-29.27,-29.27,-39.55,-38.21,63.29,129.59,35.74,35.74,-12.53,-12.53,-42.56,-84.01,-84.01,-8.78,78.74,117.64,71.37
sh516910,物流ETF富国,-7.29,-7.29,42.57,55.84,78.55,86.5,25.57,25.57,85.6,85.6,118.38,14.9,14.9,-62.39,-50.44,-6.58,84.04
sz159662,交运ETF南方,-51.74,-51.74,28.59,35.68,56.3,68.19,7.05,7.05,34.24,34.24,64.2,10.26,10.26,-8.17,3.69,34.46,91.64
sh515210,钢铁ETF国泰,-28.8,-28.8,49.17,56.14,79.29,16.79,-30.59,-30.59,-68.1,-68.1,-71.36,-104.43,-104.43,-69.89,24.72,93.1,138.75
sh515170,食品饮料ETF华夏,-80.73,-80.73,33.59,72.61,11.9,-6.89,-47.15,-47.15,-45.79,-45.79,-23.54,-64.06,-64.06,57.38,85.02,108.14,101.51
sh512690,酒ETF鹏华,-107.98,-107.98,-6.83,0.51,-11.8,-27.22,-63.98,-63.98,-70.04,-70.04,-44.98,-64.03,-64.03,41.33,67.13,85.01,75.97
sh562510,旅游ETF华夏,-73.46,-73.46,27.35,82.72,89.34,50.43,-32.73,-32.73,-50.11,-50.11,-29.86,-56.09,-56.09,-33.43,78.54,112.58,60.69
sz159707,地产ETF华宝,-100.25,-100.25,-22.69,-4.59,-36.03,-52.06,-80.34,-80.34,-72.32,-72.32,-95.89,-118.76,-118.76,-79.6,24.82,64.2,57.36
sh516610,医疗设备ETF大成,-52.99,-52.99,6.02,21.39,53.18,30.24,40.97,40.97,74.74,74.74,-8.0,-87.16,-87.16,-4.12,92.71,229.37,137.1
sz159873,医疗设备ETF天弘,-55.32,-55.32,-1.93,10.15,42.53,36.37,55.27,55.27,84.78,84.78,6.94,-83.2,-83.2,-32.04,83.95,223.42,152.58
sh561510,中药ETF华泰柏瑞,-63.29,-63.29,21.46,60.49,42.7,10.35,-35.46,-35.46,35.22,35.22,-9.4,-54.61,-54.61,38.07,153.86,233.6,179.46
sh512120,医药ETF华安,-50.18,-50.18,93.43,100.41,66.46,29.07,50.65,50.65,92.48,92.48,147.53,77.29,77.29,129.29,170.09,166.8,194.13
sh515120,创新药ETF广发,-56.67,-56.67,83.77,89.74,86.42,53.13,90.26,90.26,103.5,103.5,159.71,83.16,83.16,150.04,183.31,182.84,214.39
sh588860,科创医药ETF工银,-72.72,-72.72,49.29,70.34,66.01,58.51,84.74,84.74,97.84,97.84,112.74,19.24,19.24,135.91,174.5,190.24,209.45
sh513120,港股创新药ETF广发,-108.67,-108.67,4.04,27.21,26.71,-1.33,24.45,24.45,10.26,10.26,105.93,78.13,78.13,119.62,167.28,157.7,199.04
sh520500,恒生创新药ETF华泰柏瑞,-118.33,-118.33,11.54,41.46,33.8,-0.8,7.23,7.23,-62.15,-62.15,-2.28,-23.46,-23.46,82.66,146.51,185.46,222.36
sz159506,港股通创新药医疗ETF富国,-109.86,-109.86,-3.12,20.04,9.66,-16.97,-7.62,-7.62,-14.34,-14.34,27.33,3.38,3.38,123.54,136.85,166.23,215.05
sh513780,港股创新药ETF景顺,-105.57,-105.57,4.74,25.72,18.1,-8.16,17.86,17.86,15.65,15.65,104.79,82.17,82.17,118.52,159.75,171.89,208.0
sh513100,纳指ETF国泰,4.27,4.27,32.42,30.02,184.09,206.09,195.66,195.66,68.14,68.14,11.16,-23.75,-23.75,47.15,93.61,42.04,55.13
sz159660,纳指ETF汇添富,-2.76,-2.76,40.53,38.15,235.97,279.01,260.66,260.66,127.23,127.23,55.36,-9.57,-9.57,0.88,83.18,44.11,48.17
sh513400,道琼斯ETF鹏华,-3.25,-3.25,25.39,25.4,224.28,270.24,254.24,254.24,122.08,122.08,112.83,83.67,83.67,133.84,101.64,93.12,136.64
sz161128,标普信息科技LOF,16.77,16.77,8.81,9.01,162.38,206.17,248.35,248.35,93.61,93.61,21.5,-38.28,-38.28,-13.24,25.44,3.01,40.34
sz159502,标普生物科技ETF嘉实,-21.74,-21.74,74.15,78.88,228.1,210.1,239.48,239.48,212.28,212.28,243.36,256.92,256.92,279.86,234.71,212.56,278.9
sh513350,标普油气ETF富国,85.42,85.42,-25.08,-26.03,-94.98,-96.45,-97.52,-97.52,-90.29,-90.29,-33.94,19.75,19.75,89.04,78.04,47.72,79.91
sh513000,日经225ETF易方达,80.86,80.86,51.34,51.42,277.72,330.17,397.06,397.06,219.14,219.14,213.32,147.46,147.46,94.05,76.13,7.29,26.99
sz159687,亚太精选ETF南方,60.18,60.18,84.65,84.15,277.72,295.71,293.57,293.57,153.86,153.86,78.81,-6.33,-6.33,-14.6,15.85,-36.0,-0.67
sh511520,政金债ETF富国,-45.37,-45.37,-17.55,-17.26,97.3,191.67,244.92,244.92,149.61,149.61,141.94,140.52,140.52,135.67,61.02,34.69,13.45
sz159649,国开债ETF华安,-14.59,-14.59,-39.2,-39.15,51.43,125.39,207.5,207.5,173.48,173.48,161.05,162.26,162.26,156.6,73.83,61.01,47.41
sz159651,国开债ETF平安,31.51,31.51,-39.94,-39.92,26.44,58.99,180.77,180.77,176.89,176.89,166.38,161.59,161.59,174.92,89.01,75.72,69.65
sh511260,十年国债ETF国泰,-22.88,-22.88,-40.05,-39.7,84.22,168.16,217.68,217.68,141.15,141.15,7.51,-30.52,-30.52,-33.37,-16.32,6.27,19.68
sh551800,科创债ETF国泰,104.89,104.89,-11.07,-9.0,46.49,77.0,105.7,105.7,141.45,141.45,107.86,89.51,89.51,82.33,79.39,84.4,65.29
sz159111,科创债ETF天弘,82.79,82.79,-44.83,-44.6,-32.67,4.76,48.73,48.73,156.64,156.64,189.25,210.87,210.87,202.47,111.81,130.34,95.84
sz159116,科创债ETF工银,83.08,83.08,-26.85,-26.63,-15.36,26.43,61.15,61.15,160.31,160.31,152.53,132.81,132.81,139.09,107.65,101.55,119.07
sh511360,短融ETF海富通,120.84,120.84,23.74,23.74,19.23,48.82,90.8,90.8,192.23,192.23,105.15,95.02,95.02,108.82,126.74,144.21,149.81
sz159743,湖北ETF博时,144.97,144.97,57.32,51.27,207.91,227.04,255.36,255.36,196.71,196.71,154.03,104.98,104.98,63.94,89.83,9.32,7.3
