代码,名称,所属行业,最新价,涨跌额,涨跌幅,昨收,今开,最高,最低,成交量,成交额,估算总市值(亿),时间戳
sh601857,中国石油,石油,12.3,-0.39,-3.073,12.69,12.38,12.65,12.07,510391825,6266539004,62665.39004,15:00:03
sh600026,中远海能,航运,25.24,0.26,1.041,24.98,24.49,26.18,24.01,192767550,4814137405,48141.37405,15:00:00
sh600406,国电南瑞,电力,30.01,0.5,1.694,29.51,29.22,30.73,29.09,160674149,4805763896,48057.63896,15:00:03
sh601872,招商轮船,银行|航运,17.12,-0.34,-1.947,17.46,17.0,17.85,16.65,246877747,4231473368,42314.73368,15:00:01
sh600744,华银电力,电力,9.08,0.04,0.442,9.04,9.04,9.47,8.58,451747678,4122293196,41222.93196,15:00:01
sh601669,中国电建,电力,5.96,0.21,3.652,5.75,5.76,6.01,5.73,685419860,4051234969,40512.34969,15:00:00
sz300164,通源石油,石油,20.3,-2.11,-9.415,22.41,21.82,22.34,20.23,182549341,3860965146,38609.65146,16:29:30
sh601318,中国平安,保险,62.67,0.59,0.95,62.08,61.79,63.35,61.66,57463292,3590186818,35901.86818,15:00:03
sh601975,招商南油,银行,4.63,-0.31,-6.275,4.94,4.63,4.79,4.47,652039090,3000753809,30007.53809,15:00:00
sz000426,兴业银锡,银行,50.18,-0.97,-1.896,51.15,50.61,51.25,49.45,51304131,2577650279,25776.50279,15:00:00
sh600900,长江电力,电力,27.14,0.06,0.222,27.08,27.06,27.15,26.98,87836924,2377351285,23773.51285,15:00:02
sh601919,中远海控,航运|物流运输,15.79,0.01,0.063,15.78,15.65,15.88,15.47,148787984,2333617083,23336.17083,15:00:01
sh603619,中曼石油,石油,40.45,-3.24,-7.416,43.69,42.03,43.32,40.08,56317143,2309162346,23091.62346,15:00:03
sh601288,农业银行,银行,6.7,-0.04,-0.593,6.74,6.72,6.83,6.68,312048125,2100073984,21000.73984,15:00:00
sh600036,招商银行,银行,39.2,0.05,0.128,39.15,39.1,39.32,38.95,46595667,1822138719,18221.38719,15:00:03
sh600452,涪陵电力,电力,15.55,1.07,7.39,14.48,14.74,15.78,14.35,112712355,1718875322,17188.75322,15:00:03
sh601398,工商银行,银行,7.11,0.0,0.0,7.11,7.11,7.18,7.07,216279734,1539913741,15399.13741,15:00:01
sh600188,兖矿能源,煤炭,19.28,-0.85,-4.223,20.13,19.75,19.85,19.03,77973060,1506686542,15066.86542,15:00:03
sh603318,水发燃气,天然气,10.13,0.53,5.521,9.6,9.31,10.55,8.65,153859925,1464188920,14641.8892,15:00:00
sh600021,上海电力,电力,21.75,-0.24,-1.091,21.99,21.88,22.08,21.51,66942290,1458743514,14587.43514,15:00:01
sh601088,中国神华,煤炭,45.83,-0.05,-0.109,45.88,45.6,46.2,45.0,31082645,1414597326,14145.97326,15:00:02
sh601808,中海油服,石油|航运,18.74,-1.06,-5.354,19.8,18.88,19.1,18.32,71114003,1327560760,13275.6076,15:00:01
sz300483,首华燃气,天然气,20.69,-0.76,-3.543,21.45,20.76,21.6,20.2,61764481,1280043816,12800.43816,16:29:30
sh600268,国电南自,电力,14.85,0.26,1.782,14.59,14.33,15.5,14.22,83931593,1247765310,12477.6531,15:00:03
sh603881,数据港,港口,36.45,-0.09,-0.246,36.54,36.0,36.68,35.61,33934432,1229427514,12294.27514,15:00:01
sh601601,中国太保,保险,39.24,-0.1,-0.254,39.34,39.16,39.71,38.89,28978103,1137829611,11378.29611,15:00:00
sh601336,新华保险,保险,73.4,0.3,0.41,73.1,72.59,74.3,72.5,15493272,1134295255,11342.95255,15:00:03
sh603530,神马电力,电力,71.2,-0.28,-0.392,71.48,71.08,72.52,67.0,15873161,1121959017,11219.59017,15:00:01
sh601166,兴业银行,银行,18.52,0.05,0.271,18.47,18.4,18.57,18.38,58880320,1090246420,10902.4642,15:00:03
sh601988,中国银行,银行,5.39,0.0,0.0,5.39,5.37,5.42,5.35,194947276,1049580787,10495.80787,15:00:03
sh603393,新天然气,天然气,37.88,-1.12,-2.872,39.0,37.85,38.82,37.16,27615143,1047526495,10475.26495,15:00:03
sh601225,陕西煤业,煤炭,24.95,-0.24,-0.953,25.19,25.05,25.16,24.5,41710089,1034306788,10343.06788,15:00:02
sh600795,国电电力,电力,5.08,0.01,0.197,5.07,5.08,5.09,5.02,203710351,1030666959,10306.66959,15:00:03
sh601898,中煤能源,煤炭,17.33,-0.2,-1.141,17.53,17.06,17.6,16.75,55415681,948132708,9481.32708,15:00:03
sh601328,交通银行,银行,6.77,0.05,0.744,6.72,6.71,6.78,6.69,139952051,944440186,9444.40186,15:00:01
sz000767,晋控电力,电力,3.87,0.04,1.044,3.83,3.85,3.95,3.76,235851274,914343340,9143.4334,15:00:00
sh600644,乐山电力,电力,13.25,-0.42,-3.072,13.67,13.19,13.56,13.19,68446245,912743121,9127.43121,15:00:00
sz002352,顺丰控股,物流运输,37.25,0.53,1.443,36.72,36.63,37.35,36.47,23422920,866732560,8667.3256,15:00:00
sh600919,江苏银行,银行,10.55,-0.04,-0.378,10.59,10.58,10.63,10.47,81858287,862608525,8626.08525,15:00:03
sh600016,民生银行,银行,3.88,0.0,0.0,3.88,3.87,3.88,3.84,223049551,860633342,8606.33342,15:00:01
sh600688,上海石化,石油,3.53,0.07,2.023,3.46,3.39,3.6,3.33,250064939,859372340,8593.7234,15:00:01
sh601226,华电科工,电力,11.44,-0.38,-3.215,11.82,12.07,12.07,11.33,72643569,844267222,8442.67222,15:00:03
sz000554,泰山石油,石油,10.38,-0.51,-4.683,10.89,10.55,10.7,10.15,80725570,838320016,8383.20016,15:00:00
sh600011,华能国际,电力,7.61,0.13,1.738,7.48,7.45,7.63,7.44,110683677,837734287,8377.34287,15:00:02
sh600905,三峡能源,电力,4.27,0.02,0.471,4.25,4.25,4.29,4.22,193768429,825298914,8252.98914,15:00:03
sh601866,中远海发,航运,2.9,0.06,2.113,2.84,2.8,2.91,2.77,282832946,805213436,8052.13436,15:00:01
sh600428,中远海特,航运,8.28,-0.14,-1.663,8.42,8.23,8.47,8.04,95404428,780737936,7807.37936,15:00:01
sh601939,建设银行,银行,8.97,0.03,0.336,8.94,8.94,9.02,8.93,84773065,760495645,7604.95645,15:00:03
sh601006,大秦铁路,物流运输,5.19,0.0,0.0,5.19,5.19,5.2,5.15,138317241,715109882,7151.09882,15:00:03
sh600000,浦发银行,银行,9.89,0.11,1.125,9.78,9.74,9.9,9.71,72726022,714778140,7147.7814,15:00:03
sh601728,中国电信,电力,5.97,0.03,0.505,5.94,5.94,5.97,5.9,120047154,713100921,7131.00921,15:00:03
sh600027,华电国际,电力,5.23,0.04,0.771,5.19,5.18,5.25,5.16,129930600,677933686,6779.33686,15:00:03
sh600236,桂冠电力,电力,10.95,-0.67,-5.766,11.62,10.86,11.28,10.51,60235359,654772196,6547.72196,15:00:02
sh600025,华能水电,电力,10.3,0.2,1.98,10.1,10.09,10.34,10.05,63297435,647443687,6474.43687,15:00:01
sz002142,宁波银行,银行,31.7,0.0,0.0,31.7,31.64,31.82,31.22,19390837,611031340,6110.3134,15:00:00
sh601377,兴业证券,银行,6.6,0.08,1.227,6.52,6.48,6.61,6.45,90310716,592211003,5922.11003,15:00:03
sh600101,明星电力,电力,11.26,-0.06,-0.53,11.32,11.19,11.38,11.12,50762341,571446050,5714.4605,15:00:01
sh601628,中国人寿,保险,42.69,0.06,0.141,42.63,42.36,43.11,42.3,13237322,564901416,5649.01416,15:00:02
sh601818,光大银行,银行,3.24,0.0,0.0,3.24,3.23,3.25,3.22,172993980,559574614,5595.74614,15:00:01
sz000993,闽东电力,电力,14.46,-0.28,-1.9,14.74,14.38,14.76,14.13,38470303,556854590,5568.5459,15:00:00
sh603353,和顺石油,石油,40.92,-1.89,-4.415,42.81,40.1,42.0,39.75,13372080,543060592,5430.60592,15:00:01
sh600930,华电新能,电力,6.07,0.01,0.165,6.06,6.05,6.07,6.02,89039812,538606774,5386.06774,15:00:00
sz000983,山西焦煤,煤炭,7.2,-0.05,-0.69,7.25,7.18,7.23,7.04,72858783,519295916,5192.95916,15:00:00
sz000582,北部湾港,港口,11.35,0.15,1.339,11.2,11.17,11.43,11.04,45981855,518688311,5186.88311,15:00:00
sz000001,平安银行,银行|保险,10.82,0.01,0.093,10.81,10.78,10.84,10.77,47657680,514733550,5147.3355,15:00:00
sh601991,大唐发电,电力,4.11,0.05,1.232,4.06,4.07,4.12,4.04,125881546,514727141,5147.27141,15:00:03
sh601658,邮储银行,银行,5.0,0.02,0.402,4.98,4.98,5.02,4.96,101890612,507959434,5079.59434,15:00:00
sh601169,北京银行,银行,5.41,0.01,0.185,5.4,5.39,5.42,5.37,92270002,497666356,4976.66356,15:00:03
sz002039,黔源电力,电力,19.48,0.65,3.452,18.83,18.73,20.08,18.72,25133789,490955466,4909.55466,15:00:00
sh601319,中国人保,保险,8.59,0.16,1.898,8.43,8.4,8.6,8.38,57612246,490891485,4908.91485,15:00:03
sz301609,山大电力,电力,55.45,1.77,3.297,53.68,52.21,56.5,52.21,8774924,483750421,4837.50421,16:29:45
sh600803,新奥股份,天然气,21.32,-0.31,-1.433,21.63,21.2,21.68,21.01,22378845,476196594,4761.96594,15:00:03
sz002040,南 京 港,港口,11.18,0.02,0.179,11.16,10.96,11.31,10.71,42779203,470947437,4709.47437,15:00:00
sh601139,深圳燃气,天然气,7.05,0.04,0.571,7.01,6.94,7.11,6.8,66700064,464743894,4647.43894,15:00:03
sh601838,成都银行,银行,16.94,0.11,0.654,16.83,16.8,16.97,16.72,26894707,454063367,4540.63367,15:00:02
sh603556,海兴电力,电力,41.46,1.64,4.119,39.82,40.47,42.48,40.47,10873640,452780145,4527.80145,15:00:03
sh600023,浙能电力,电力,5.48,-0.01,-0.182,5.49,5.49,5.51,5.43,82385310,451461176,4514.61176,15:00:03
sh600844,金煤科技,煤炭,3.5,-0.15,-4.11,3.65,3.53,3.6,3.39,123083502,430684515,4306.84515,15:00:02
sz002468,申通快递,物流运输,13.72,0.55,4.176,13.17,13.08,13.79,13.02,31016401,419368399,4193.68399,15:00:00
sh600863,内蒙华电,电力,5.35,0.06,1.134,5.29,5.28,5.41,5.27,78371827,418828609,4188.28609,15:00:01
sh600999,招商证券,银行,16.12,0.15,0.939,15.97,15.92,16.15,15.9,25764337,413347320,4133.4732,15:00:03
sz000543,皖能电力,电力,8.75,0.09,1.039,8.66,8.6,8.82,8.58,46661615,407530713,4075.30713,15:00:00
sh601229,上海银行,银行,9.73,-0.03,-0.307,9.76,9.78,9.83,9.65,41864277,406733416,4067.33416,15:00:03
sz002221,东华能源,电力,8.96,-0.01,-0.111,8.97,8.87,9.12,8.63,45093492,397036557,3970.36557,15:00:00
sh600886,国投电力,电力,13.85,0.12,0.874,13.73,13.74,13.88,13.67,27702698,382924217,3829.24217,15:00:03
sz000537,绿发电力,电力,9.29,0.21,2.313,9.08,9.04,9.42,9.02,41176248,381778189,3817.78189,15:00:00
sh600233,圆通速递,物流运输,19.39,0.4,2.106,18.99,18.9,19.51,18.7,19499126,375088576,3750.88576,15:00:02
sh600015,华夏银行,银行,6.86,0.02,0.292,6.84,6.84,6.89,6.8,54446717,372834863,3728.34863,15:00:03
sh601009,南京银行,银行,11.22,-0.06,-0.532,11.28,11.27,11.32,11.18,32831670,368694348,3686.94348,15:00:01
sh600798,宁波海运,航运,4.05,-0.01,-0.246,4.06,4.0,4.09,3.91,91528759,366363195,3663.63195,15:00:01
sh601916,浙商银行,银行,3.02,0.02,0.667,3.0,3.0,3.02,2.99,121012230,363709836,3637.09836,15:00:03
sh601001,晋控煤业,煤炭,16.94,-0.2,-1.167,17.14,16.95,17.09,16.69,21146723,356480844,3564.80844,15:00:03
sh600396,华电辽能,电力,3.66,0.33,9.91,3.33,3.32,3.66,3.31,97747107,351683750,3516.8375,15:00:01
sz000966,长源电力,电力,4.85,0.06,1.253,4.79,4.76,4.89,4.76,72103500,349524135,3495.24135,15:00:00
sh600977,中国电影,电力,13.92,0.09,0.651,13.83,13.8,13.96,13.71,23734768,329946819,3299.46819,15:00:02
sh600546,山煤国际,煤炭,11.72,-0.09,-0.762,11.81,11.66,11.87,11.52,28240908,329178580,3291.7858,15:00:02
sh600926,杭州银行,银行,16.55,-0.02,-0.121,16.57,16.54,16.62,16.41,19560729,322973075,3229.73075,15:00:03
sh600515,海南机场,机场,4.06,0.04,0.995,4.02,4.01,4.07,3.97,79393872,320366185,3203.66185,15:00:03
sz300227,光韵达,物流运输,13.23,-0.02,-0.151,13.25,13.15,13.49,13.01,23754400,314797456,3147.97456,16:29:00
sh601880,辽港股份,港口,1.73,0.03,1.765,1.7,1.7,1.74,1.68,179278690,307390281,3073.90281,15:00:03
sh601666,平煤股份,煤炭,8.74,-0.13,-1.466,8.87,8.8,8.81,8.58,33852712,294571843,2945.71843,15:00:03
sh600792,云煤能源,煤炭,4.89,0.04,0.825,4.85,4.75,4.93,4.58,59983700,287021467,2870.21467,15:00:03
sz001979,招商蛇口,银行,9.7,0.07,0.727,9.63,9.58,9.73,9.52,29493978,284694302,2846.94302,15:00:00
sh600018,上港集团,港口,5.13,0.04,0.786,5.09,5.08,5.14,5.05,54978620,280207174,2802.07174,15:00:03
sh600505,西昌电力,电力,15.35,-0.05,-0.325,15.4,15.3,15.54,15.2,17894301,275533337,2755.33337,15:00:03
sh601128,常熟银行,银行,7.22,0.01,0.139,7.21,7.18,7.24,7.16,37578631,271103411,2711.03411,15:00:03
sz000520,凤凰航运,航运,4.64,0.2,4.505,4.44,4.45,4.67,4.4,57981903,264656615,2646.56615,15:00:00
sh601998,中信银行,银行,7.27,0.05,0.693,7.22,7.19,7.29,7.19,36406890,263969081,2639.69081,15:00:02
sh601456,国联民生,银行,9.52,0.06,0.634,9.46,9.45,9.54,9.43,27399961,260106013,2601.06013,15:00:03
sh601018,宁波港,港口,4.25,0.0,0.0,4.25,4.23,4.27,4.14,61516282,259521545,2595.21545,15:00:01
sz001287,中电港,港口,22.67,0.24,1.07,22.43,22.2,22.92,22.1,11414166,258078555,2580.78555,15:00:00
sz000905,厦门港务,港口,12.72,0.16,1.274,12.56,12.55,12.76,12.35,19873724,250546294,2505.46294,15:00:00
sz002966,苏州银行,银行,8.2,0.05,0.613,8.15,8.15,8.25,8.14,30479997,249847443,2498.47443,15:00:00
sh600009,上海机场,机场,29.69,0.31,1.055,29.38,29.49,29.7,29.34,8427391,248689435,2486.89435,15:00:01
sz001289,龙源电力,电力,17.7,0.48,2.787,17.22,17.11,17.85,17.1,14005883,246167903,2461.67903,15:00:00
sh600903,贵州燃气,天然气,6.96,-0.04,-0.571,7.0,6.93,7.0,6.78,34714068,239402697,2394.02697,15:00:02
sh601665,齐鲁银行,银行,5.68,0.05,0.888,5.63,5.63,5.69,5.6,42037972,237436948,2374.36948,15:00:03
sh601298,青岛港,港口,9.32,0.18,1.969,9.14,9.08,9.37,9.03,25619100,236925852,2369.25852,15:00:02
sh600121,郑州煤电,煤炭,4.74,-0.04,-0.837,4.78,4.69,4.77,4.59,50340954,235629278,2356.29278,15:00:01
sh600603,广汇物流,物流运输,7.34,0.18,2.514,7.16,7.16,7.53,7.03,31561167,230819821,2308.19821,15:00:03
sh601083,锦江航运,航运,12.35,0.1,0.816,12.25,12.2,12.44,11.96,18683067,228521697,2285.21697,15:00:03
sh600726,华电能源,电力,2.82,0.06,2.174,2.76,2.75,2.84,2.72,80424802,225241363,2252.41363,15:00:02
sh600578,京能电力,电力,5.56,0.11,2.018,5.45,5.43,5.59,5.4,40501690,224409809,2244.09809,15:00:01
sz002267,陕天然气,天然气,8.18,-0.13,-1.564,8.31,8.26,8.31,8.11,27285168,223193977,2231.93977,15:00:00
sh600333,长春燃气,天然气,5.88,0.05,0.858,5.83,5.74,5.93,5.58,38155107,221319583,2213.19583,15:00:03
sh601156,东航物流,物流运输,19.05,0.91,5.017,18.14,18.15,19.15,17.98,11613314,217571995,2175.71995,15:00:03
sh601008,连云港,港口,5.26,-0.03,-0.567,5.29,5.25,5.29,5.13,40272803,209960956,2099.60956,15:00:03
sh601333,广深铁路,物流运输,3.12,0.05,1.629,3.07,3.06,3.13,3.05,66909195,207351477,2073.51477,15:00:02
sh600125,铁龙物流,物流运输,6.63,0.18,2.791,6.45,6.42,6.66,6.42,31320228,206473504,2064.73504,15:00:03
sh601963,重庆银行,银行,11.01,0.26,2.419,10.75,10.68,11.07,10.57,19003146,205981383,2059.81383,15:00:03
sz002120,韵达股份,物流运输,6.84,0.12,1.786,6.72,6.7,6.84,6.68,28765956,194943930,1949.4393,15:00:00
sz000539,粤电力Ａ,电力,5.16,0.1,1.976,5.06,5.02,5.19,5.01,37634301,193451794,1934.51794,15:00:00
sz301439,泓淋电力,电力,17.47,0.12,0.692,17.35,17.39,17.61,17.24,10756332,187829234,1878.29234,16:29:45
sz000088,盐 田 港,港口,4.62,0.09,1.987,4.53,4.54,4.63,4.49,40988146,187175080,1871.7508,15:00:00
sz002948,青岛银行,银行,5.4,0.08,1.504,5.32,5.31,5.43,5.3,34492810,185154016,1851.54016,15:00:00
sz001965,招商公路,银行,9.85,0.24,2.497,9.61,9.57,9.86,9.56,18788469,183599237,1835.99237,15:00:00
sh600917,重庆燃气,天然气,5.73,-0.04,-0.693,5.77,5.72,5.77,5.64,31682005,180728372,1807.28372,15:00:03
sz002077,大港股份,港口,16.16,0.09,0.56,16.07,15.97,16.22,15.9,11012772,177488087,1774.88087,15:00:00
sz000937,冀中能源,煤炭,5.76,-0.05,-0.861,5.81,5.76,5.79,5.68,30889559,176975038,1769.75038,15:00:00
sz002936,郑州银行,银行,1.9,0.01,0.529,1.89,1.88,1.91,1.88,90078318,170779304,1707.79304,15:00:00
sh601101,昊华能源,电力,8.44,-0.13,-1.517,8.57,8.45,8.52,8.25,20380922,170681116,1706.81116,15:00:03
sz300407,凯发电气,电力,14.34,0.55,3.988,13.79,13.73,14.51,13.73,11997394,170482146,1704.82146,16:29:45
sz000507,珠海港,港口,5.6,0.12,2.19,5.48,5.47,5.62,5.44,30600261,169700164,1697.00164,15:00:00
sh603565,中谷物流,物流运输,11.04,0.03,0.272,11.01,10.93,11.07,10.88,14253320,156789612,1567.89612,15:00:02
sh601228,广州港,港口,3.57,0.08,2.292,3.49,3.48,3.58,3.45,43761900,154611749,1546.11749,15:00:03
sh600017,日照港,港口,3.18,0.06,1.923,3.12,3.11,3.19,3.09,48846365,153656494,1536.56494,15:00:01
sz002807,江阴银行,银行,4.55,0.02,0.442,4.53,4.51,4.56,4.5,33539710,152033077,1520.33077,15:00:00
sh601000,唐山港,港口,4.23,0.02,0.475,4.21,4.2,4.25,4.16,35845780,151065089,1510.65089,15:00:03
sh601997,贵阳银行,银行,5.75,0.03,0.524,5.72,5.71,5.75,5.7,26049251,149290758,1492.90758,15:00:01
sh600971,恒源煤电,煤炭,7.61,-0.09,-1.169,7.7,7.7,7.71,7.48,19096792,144562260,1445.6226,15:00:03
sh603689,皖天然气,天然气,8.65,-0.11,-1.256,8.76,8.7,8.72,8.57,16232562,140083318,1400.83318,15:00:02
sh600997,开滦股份,煤炭,6.49,-0.07,-1.067,6.56,6.5,6.55,6.39,21263310,137233103,1372.33103,15:00:01
sh605368,蓝天燃气,天然气,8.5,-0.15,-1.734,8.65,8.55,8.63,8.39,16098578,136600802,1366.00802,15:00:01
sh603499,翔港科技,港口,23.17,0.22,0.959,22.95,22.95,23.6,22.59,5733671,133197985,1331.97985,15:00:02
sz001914,招商积余,银行,10.69,0.06,0.564,10.63,10.61,10.81,10.56,12323723,131962212,1319.62212,15:00:00
sh605598,上海港湾,港口,50.89,-0.29,-0.567,51.18,50.95,51.87,50.7,2569637,131499401,1314.99401,15:00:01
sh601577,长沙银行,银行,9.57,0.03,0.314,9.54,9.5,9.6,9.5,13222352,126466481,1264.66481,15:00:01
sz001227,兰州银行,银行,2.31,0.02,0.873,2.29,2.29,2.31,2.28,54776400,125982771,1259.82771,15:00:00
sh603117,万林物流,物流运输,5.72,0.08,1.418,5.64,5.64,5.72,5.57,22174180,125413885,1254.13885,15:00:03
sz002839,张家港行,港口,4.51,0.02,0.445,4.49,4.48,4.53,4.47,26991825,121459785,1214.59785,15:00:00
sh600198,大唐电信,电力,9.14,-0.02,-0.218,9.16,9.11,9.22,9.08,13107919,119970371,1199.70371,15:00:03
sh600717,天津港,港口,4.75,0.09,1.931,4.66,4.64,4.76,4.62,25246597,118641089,1186.41089,15:00:02
sz000089,深圳机场,机场,7.08,0.12,1.724,6.96,6.98,7.14,6.96,16671801,118009723,1180.09723,15:00:00
sh603323,苏农银行,银行,4.95,0.02,0.406,4.93,4.93,4.96,4.91,23804155,117496955,1174.96955,15:00:03
sz300069,金利华电,电力,19.75,0.56,2.918,19.19,19.23,19.79,19.1,5842998,114699207,1146.99207,16:29:45
sh605169,洪通燃气,天然气,13.91,-0.27,-1.904,14.18,13.97,14.0,13.62,8215305,113496954,1134.96954,15:00:03
sh601187,厦门银行,银行,7.47,0.01,0.134,7.46,7.45,7.5,7.37,15244844,113473374,1134.73374,15:00:03
sh601326,秦港股份,港口,3.56,0.03,0.85,3.53,3.52,3.57,3.48,30866286,108977244,1089.77244,15:00:03
sz000957,中通客车,物流运输,11.22,0.11,0.99,11.11,11.04,11.28,11.0,9474361,105939354,1059.39354,15:00:00
sz301516,中远通,航运,17.47,0.71,4.236,16.76,16.71,17.58,16.71,6124799,105887998,1058.87998,16:29:00
sh601860,紫金银行,银行,2.77,0.01,0.362,2.76,2.75,2.78,2.75,37707743,104275323,1042.75323,15:00:03
sh600279,重庆港,港口,5.45,0.14,2.637,5.31,5.28,5.46,5.27,19176832,103329629,1033.29629,15:00:01
sh605162,新中港,港口,10.02,0.08,0.805,9.94,9.82,10.13,9.82,9810300,98388495,983.88495,15:00:02
sz300013,新宁物流,物流运输,4.22,0.07,1.687,4.15,4.16,4.23,4.11,23175550,97032828,970.32828,16:29:00
sh603053,成都燃气,天然气,10.31,-0.05,-0.483,10.36,10.3,10.34,10.11,9427338,96642698,966.42698,15:00:03
sh601528,瑞丰银行,银行,5.35,0.03,0.564,5.32,5.31,5.38,5.29,17568043,94051808,940.51808,15:00:03
sz001872,招商港口,银行|港口,21.08,0.03,0.143,21.05,20.97,21.08,20.7,4471197,93521856,935.21856,15:00:00
sh603128,华贸物流,物流运输,5.96,0.05,0.846,5.91,5.88,5.97,5.87,15510520,91955003,919.55003,15:00:03
sz002401,中远海科,航运,16.09,0.33,2.094,15.76,15.7,16.1,15.67,5724972,91706242,917.06242,15:00:00
sh600004,白云机场,机场,9.14,0.08,0.883,9.06,9.06,9.15,9.03,9729580,88567423,885.67423,15:00:02
sz001359,平安电工,保险,77.99,0.83,1.076,77.16,77.0,78.8,77.0,1128368,88038042,880.38042,15:00:00
sh600928,西安银行,银行,3.69,0.03,0.82,3.66,3.65,3.7,3.64,22396486,82122714,821.22714,15:00:01
sh600908,无锡银行,银行,5.77,0.03,0.523,5.74,5.74,5.79,5.73,14113500,81429626,814.29626,15:00:03
sz300177,中海达,航运,9.43,-0.02,-0.212,9.45,9.37,9.5,9.36,8043993,75857398,758.57398,16:29:45
sh600848,上海临港,港口,10.79,0.1,0.935,10.69,10.69,10.81,10.62,6512075,70114216,701.14216,15:00:02
sz301337,亚华电子,电力,31.5,1.24,4.098,30.26,30.2,31.54,30.12,2153626,66947182,669.47182,16:29:30
sh600897,厦门空港,港口,16.67,0.34,2.082,16.33,16.29,16.74,16.26,3655896,60572700,605.727,15:00:02
sz002674,兴业科技,银行,14.1,0.35,2.545,13.75,13.74,14.15,13.74,4132800,57886578,578.86578,15:00:00
sh603967,中创物流,物流运输,13.25,0.23,1.767,13.02,12.93,13.26,12.93,4009260,52715174,527.15174,15:00:03
sz301507,民生健康,银行,14.82,0.38,2.632,14.44,14.37,14.82,14.31,3486956,51226792,512.26792,16:29:15
